beginyear,medium,imageurl,hex_color
1861,painting,"https://api.nga.gov/iiif/d29a364c-53dc-4834-97c8-631b272351f6/full/!200,200/0/default.jpg","143, 127, 97"
1890,painting,"https://api.nga.gov/iiif/aebdb01a-10f8-406f-9b7d-210281d4af11/full/!200,200/0/default.jpg","125, 138, 105"
1890,painting,"https://api.nga.gov/iiif/7d6db742-9e1b-46b6-a05d-dcd7039a21e4/full/!200,200/0/default.jpg","129, 132, 101"
1861,painting,"https://api.nga.gov/iiif/ae4ebe90-eed0-47be-bbc3-c4d191ceaf2c/full/!200,200/0/default.jpg","144, 124, 91"
1863,painting,"https://api.nga.gov/iiif/0d7d9fb4-a3ff-42e4-93d3-90cbd89578e9/full/!200,200/0/default.jpg","127, 122, 108"
1861,painting,"https://api.nga.gov/iiif/29564844-aea0-40cd-b022-0fe6b5e5f5b1/full/!200,200/0/default.jpg","128, 102, 71"
1861,painting,"https://api.nga.gov/iiif/ae4ebe90-eed0-47be-bbc3-c4d191ceaf2c/full/!200,200/0/default.jpg","144, 124, 91"
1490,painting,"https://api.nga.gov/iiif/d03d911a-9d6d-4eb5-ab44-298db3d40c10/full/!200,200/0/default.jpg","141, 103, 58"
1861,painting,"https://api.nga.gov/iiif/5b81b623-79e2-45f1-a07d-26b3d9d04e64/full/!200,200/0/default.jpg","168, 143, 103"
1861,painting,"https://api.nga.gov/iiif/ce9bbbbe-adc3-4cde-94e1-7c74a61e95e5/full/!200,200/0/default.jpg","179, 141, 91"
1855,painting,"https://api.nga.gov/iiif/2ad824ec-d2b5-4653-b192-74f4c360b770/full/!200,200/0/default.jpg","134, 118, 93"
1770,painting,"https://api.nga.gov/iiif/cd91de24-4a9e-44ac-a5ec-401ec5a53caf/full/!200,200/0/default.jpg","153, 119, 66"
1873,painting,"https://api.nga.gov/iiif/4196f97b-1edb-4fae-aa9f-882afe35978b/full/!200,200/0/default.jpg","128, 136, 110"
1883,painting,"https://api.nga.gov/iiif/de9ed4a3-3aed-4e56-b4c0-8c64a6ca4cc5/full/!200,200/0/default.jpg","154, 138, 106"
1855,painting,"https://api.nga.gov/iiif/46ba4127-22c3-4d9f-987e-1b11a172f5b3/full/!200,200/0/default.jpg","141, 122, 99"
1861,painting,"https://api.nga.gov/iiif/2937014d-0a8a-4a3c-83e9-6c6f1a4263ee/full/!200,200/0/default.jpg","157, 150, 120"
1861,painting,"https://api.nga.gov/iiif/0bb3a526-1b8b-465f-9fe5-0701b54c3cb3/full/!200,200/0/default.jpg","153, 130, 93"
1864,painting,"https://api.nga.gov/iiif/8175e345-711c-463c-9192-9814abaac5b6/full/!200,200/0/default.jpg","163, 148, 103"
1861,painting,"https://api.nga.gov/iiif/42df509f-4da2-4c79-9420-bb3a05ff6d31/full/!200,200/0/default.jpg","131, 113, 83"
1876,painting,"https://api.nga.gov/iiif/05a612fd-23ad-4862-8ba2-84811c563c5a/full/!200,200/0/default.jpg","136, 116, 98"
1861,painting,"https://api.nga.gov/iiif/78d57e7c-40ed-4842-9912-fc5228e91e83/full/!200,200/0/default.jpg","148, 131, 101"
1861,painting,"https://api.nga.gov/iiif/2061b7ed-0e95-49ca-854c-cd9856858d20/full/!200,200/0/default.jpg","159, 131, 89"
1861,painting,"https://api.nga.gov/iiif/d54690df-49b8-4864-8635-dca6f832f673/full/!200,200/0/default.jpg","160, 139, 101"
1861,painting,"https://api.nga.gov/iiif/d9549006-9ec8-43b9-9c78-53a107a527fc/full/!200,200/0/default.jpg","136, 121, 93"
1854,painting,"https://api.nga.gov/iiif/f6a3c2a4-2ac6-44e2-9150-96c9db506529/full/!200,200/0/default.jpg","131, 115, 84"
1854,painting,"https://api.nga.gov/iiif/b3b2d99d-ef9a-4ced-9e62-508d64002a75/full/!200,200/0/default.jpg","146, 128, 101"
1861,painting,"https://api.nga.gov/iiif/aa795815-e47a-472d-b593-2677bae93fa3/full/!200,200/0/default.jpg","150, 124, 87"
1861,painting,"https://api.nga.gov/iiif/3c1508e9-9540-4ee5-8b74-53d15ac8be27/full/!200,200/0/default.jpg","148, 128, 99"
1861,painting,"https://api.nga.gov/iiif/6d9ac4fc-c99f-418a-800e-0f0ebd0be36f/full/!200,200/0/default.jpg","123, 117, 94"
1861,painting,"https://api.nga.gov/iiif/ec1d8272-6c01-41ac-8768-e2712398f065/full/!200,200/0/default.jpg","152, 127, 89"
1861,painting,"https://api.nga.gov/iiif/96c9561e-e423-4ec0-969e-ddd8479bb7e4/full/!200,200/0/default.jpg","133, 118, 91"
1854,painting,"https://api.nga.gov/iiif/c5bd3424-cd10-4851-b171-8d65cf94b4ec/full/!200,200/0/default.jpg","159, 143, 116"
1854,painting,"https://api.nga.gov/iiif/e9f5fd32-a8d9-41ce-aba7-53712ce7b252/full/!200,200/0/default.jpg","151, 132, 102"
1861,painting,"https://api.nga.gov/iiif/9516feae-fcd3-44ff-9e93-fc9fa39ad063/full/!200,200/0/default.jpg","148, 139, 108"
1861,painting,"https://api.nga.gov/iiif/72a07618-7016-49fd-86bd-46792835b842/full/!200,200/0/default.jpg","134, 120, 90"
1854,painting,"https://api.nga.gov/iiif/f4c1a14d-a826-4b05-ba30-846503425393/full/!200,200/0/default.jpg","153, 134, 106"
1861,painting,"https://api.nga.gov/iiif/0ee4ce32-e06d-463a-9c37-a1390168525e/full/!200,200/0/default.jpg","125, 121, 101"
1847,painting,"https://api.nga.gov/iiif/9c3e4621-c4b2-418e-80b9-10597ffb6b1f/full/!200,200/0/default.jpg","139, 188, 167"
1861,painting,"https://api.nga.gov/iiif/0bdddddc-a323-44c0-a46c-61b6e910d35c/full/!200,200/0/default.jpg","137, 124, 90"
1861,painting,"https://api.nga.gov/iiif/68734012-935b-4be9-9ece-69dcb4561583/full/!200,200/0/default.jpg","133, 117, 87"
1861,painting,"https://api.nga.gov/iiif/35c2b45f-16cd-4f3d-adae-b5e65fe51290/full/!200,200/0/default.jpg","127, 134, 114"
1861,painting,"https://api.nga.gov/iiif/59a6d410-ee64-4724-94a5-0aaddf8802d0/full/!200,200/0/default.jpg","152, 126, 95"
1861,painting,"https://api.nga.gov/iiif/95cea25c-e880-4054-bc81-15ea37a5eb8a/full/!200,200/0/default.jpg","152, 144, 110"
1861,painting,"https://api.nga.gov/iiif/48f54fb5-c87b-404d-a3e1-faaabcbc618f/full/!200,200/0/default.jpg","188, 146, 103"
1861,painting,"https://api.nga.gov/iiif/d3dbb5b9-0b71-4b7d-8ad2-18fcfdf06757/full/!200,200/0/default.jpg","161, 138, 103"
1861,painting,"https://api.nga.gov/iiif/c287ab96-1e07-4f0e-a607-2fd184c09148/full/!200,200/0/default.jpg","151, 133, 90"
1834,painting,"https://api.nga.gov/iiif/e69c25bb-f772-4ac2-966f-2954eb420a84/full/!200,200/0/default.jpg","160, 163, 143"
1861,painting,"https://api.nga.gov/iiif/922237fa-8c07-4f93-ad65-460bf2d11bac/full/!200,200/0/default.jpg","141, 126, 88"
1855,painting,"https://api.nga.gov/iiif/1df1e604-3a6a-4427-a6a0-9f16a58581b3/full/!200,200/0/default.jpg","132, 113, 85"
1861,painting,"https://api.nga.gov/iiif/0a590881-f637-4337-ab55-6c0c2cf8eb98/full/!200,200/0/default.jpg","138, 130, 102"
1861,painting,"https://api.nga.gov/iiif/3e054547-2cc5-4b32-8121-7c81aa3f1af9/full/!200,200/0/default.jpg","179, 142, 102"
1861,painting,"https://api.nga.gov/iiif/121782f7-b1ac-424a-bc3a-46822d5184c8/full/!200,200/0/default.jpg","181, 156, 108"
1861,painting,"https://api.nga.gov/iiif/084450ec-ad00-4c87-8509-66df3dce8cb2/full/!200,200/0/default.jpg","133, 120, 92"
1861,painting,"https://api.nga.gov/iiif/376bfff9-e255-478b-b05d-c4047ab07905/full/!200,200/0/default.jpg","132, 108, 80"
1861,painting,"https://api.nga.gov/iiif/d906bf7b-79e1-4c8a-adeb-6cdcf2287f28/full/!200,200/0/default.jpg","133, 115, 87"
1861,painting,"https://api.nga.gov/iiif/aa795815-e47a-472d-b593-2677bae93fa3/full/!200,200/0/default.jpg","150, 124, 87"
1861,painting,"https://api.nga.gov/iiif/ec0a9865-44a2-4560-b1b2-d86299be150c/full/!200,200/0/default.jpg","151, 134, 88"
1861,painting,"https://api.nga.gov/iiif/81e40269-c743-4ff3-bffe-0930c374bfce/full/!200,200/0/default.jpg","131, 168, 141"
1861,painting,"https://api.nga.gov/iiif/c287ab96-1e07-4f0e-a607-2fd184c09148/full/!200,200/0/default.jpg","151, 133, 90"
1861,painting,"https://api.nga.gov/iiif/c287ab96-1e07-4f0e-a607-2fd184c09148/full/!200,200/0/default.jpg","151, 133, 90"
1861,painting,"https://api.nga.gov/iiif/351e720e-3da7-447a-b90a-1746ee6418d1/full/!200,200/0/default.jpg","128, 109, 76"
1861,painting,"https://api.nga.gov/iiif/60707766-2bf0-4380-a186-bd2c74ea2b4d/full/!200,200/0/default.jpg","169, 137, 96"
1800,painting,"https://api.nga.gov/iiif/428f2792-94ec-4fcd-80c5-ff2ec20cb376/full/!200,200/0/default.jpg","145, 113, 70"
1874,painting,"https://api.nga.gov/iiif/a0d45209-46bf-49c4-a6ba-8c0a1e1ea482/full/!200,200/0/default.jpg","126, 151, 128"
1861,painting,"https://api.nga.gov/iiif/68734012-935b-4be9-9ece-69dcb4561583/full/!200,200/0/default.jpg","133, 117, 87"
1861,painting,"https://api.nga.gov/iiif/0bdddddc-a323-44c0-a46c-61b6e910d35c/full/!200,200/0/default.jpg","137, 124, 90"
1890,painting,"https://api.nga.gov/iiif/8aa9f97e-ab5f-4d0e-aa9c-248784f7df58/full/!200,200/0/default.jpg","137, 118, 85"
1854,painting,"https://api.nga.gov/iiif/04e094c1-89c8-47eb-967b-639bbaf342b9/full/!200,200/0/default.jpg","147, 139, 108"
1854,painting,"https://api.nga.gov/iiif/a3481409-f18f-4c6a-9ff6-972ad10cd13a/full/!200,200/0/default.jpg","162, 141, 114"
1850,painting,"https://api.nga.gov/iiif/93d635dc-374b-4205-a41c-0bde5c40e927/full/!200,200/0/default.jpg","135, 116, 96"
1900,painting,"https://api.nga.gov/iiif/2142234c-6ff3-43c7-a026-91c90a0bb86c/full/!200,200/0/default.jpg","124, 105, 85"
1861,painting,"https://api.nga.gov/iiif/40657d7e-9d68-4a7a-a243-9c0a6f8f186f/full/!200,200/0/default.jpg","138, 114, 83"
1890,painting,"https://api.nga.gov/iiif/b479275a-4f8a-4702-83c2-9dcc4cbe60ce/full/!200,200/0/default.jpg","151, 186, 148"
1889,painting,"https://api.nga.gov/iiif/1e92536c-e274-4c31-bbe9-cdb6aba6c162/full/!200,200/0/default.jpg","163, 113, 67"
1880,painting,"https://api.nga.gov/iiif/5bfb4c45-feb8-4dbb-8b77-519c0560dcaf/full/!200,200/0/default.jpg","122, 119, 79"
1790,painting,"https://api.nga.gov/iiif/b5a25512-bc7d-449c-ba5b-fd091ae27ec0/full/!200,200/0/default.jpg","130, 89, 64"
1872,painting,"https://api.nga.gov/iiif/56303f18-6101-4d5d-9b03-20b58d657afa/full/!200,200/0/default.jpg","127, 149, 154"
1861,painting,"https://api.nga.gov/iiif/0a9e2730-388a-43c6-8713-e61f766e2f92/full/!200,200/0/default.jpg","181, 154, 120"
1861,painting,"https://api.nga.gov/iiif/ae4ebe90-eed0-47be-bbc3-c4d191ceaf2c/full/!200,200/0/default.jpg","144, 124, 91"
1861,painting,"https://api.nga.gov/iiif/aa795815-e47a-472d-b593-2677bae93fa3/full/!200,200/0/default.jpg","150, 124, 87"
1854,painting,"https://api.nga.gov/iiif/f4c1a14d-a826-4b05-ba30-846503425393/full/!200,200/0/default.jpg","153, 134, 106"
1861,painting,"https://api.nga.gov/iiif/d54690df-49b8-4864-8635-dca6f832f673/full/!200,200/0/default.jpg","160, 139, 101"
1861,painting,"https://api.nga.gov/iiif/ec1d8272-6c01-41ac-8768-e2712398f065/full/!200,200/0/default.jpg","152, 127, 89"
1884,painting,"https://api.nga.gov/iiif/a65a3648-e5a9-48a5-82c6-e002562a2baa/full/!200,200/0/default.jpg","158, 144, 103"
1890,painting,"https://api.nga.gov/iiif/a65b56d8-7ae7-4a80-a84a-5a9dd7c13ea7/full/!200,200/0/default.jpg","120, 108, 94"
1854,painting,"https://api.nga.gov/iiif/75759cd7-2e0c-492c-a26c-eadd223144b9/full/!200,200/0/default.jpg","152, 131, 104"
1861,painting,"https://api.nga.gov/iiif/fbfd7f9b-bc00-4cde-b2cd-b3ccd72414b5/full/!200,200/0/default.jpg","140, 131, 101"
1861,painting,"https://api.nga.gov/iiif/800b6ecd-07d9-4674-8981-1c838614d257/full/!200,200/0/default.jpg","141, 119, 86"
1861,painting,"https://api.nga.gov/iiif/e857c807-4c6a-4467-b0d8-d1d29d902aee/full/!200,200/0/default.jpg","140, 118, 87"
1861,painting,"https://api.nga.gov/iiif/34aa0a0e-6f59-4804-a3a0-881346daaac2/full/!200,200/0/default.jpg","140, 122, 92"
1855,painting,"https://api.nga.gov/iiif/03b921f2-0b79-407d-b49e-8f3260aa77d5/full/!200,200/0/default.jpg","152, 133, 105"
1861,painting,"https://api.nga.gov/iiif/f1e5a21b-263b-432f-85ba-903f19496b6c/full/!200,200/0/default.jpg","167, 132, 84"
1854,painting,"https://api.nga.gov/iiif/10ba6d65-e31d-4e34-ad82-88587dfd941d/full/!200,200/0/default.jpg","135, 123, 90"
1861,painting,"https://api.nga.gov/iiif/bde7e0a1-6ef1-4c60-bb79-11f1775ab792/full/!200,200/0/default.jpg","128, 104, 75"
1861,painting,"https://api.nga.gov/iiif/f6147ee0-6487-460d-8574-fd170d203a74/full/!200,200/0/default.jpg","141, 127, 90"
1861,painting,"https://api.nga.gov/iiif/457c21c8-0b7e-490d-98ab-7b195da8ed2d/full/!200,200/0/default.jpg","166, 129, 93"
1861,painting,"https://api.nga.gov/iiif/96c9561e-e423-4ec0-969e-ddd8479bb7e4/full/!200,200/0/default.jpg","133, 118, 91"
1855,painting,"https://api.nga.gov/iiif/5c029a9f-d5f7-4b1d-8fe0-dff8c20fc6f3/full/!200,200/0/default.jpg","136, 119, 87"
1861,painting,"https://api.nga.gov/iiif/7f2ea406-e2bb-4b38-8d07-106fa275137a/full/!200,200/0/default.jpg","136, 123, 92"
1854,painting,"https://api.nga.gov/iiif/f4c1a14d-a826-4b05-ba30-846503425393/full/!200,200/0/default.jpg","153, 134, 106"
1861,painting,"https://api.nga.gov/iiif/e532ae6d-708f-4e54-a259-6014efdbcea7/full/!200,200/0/default.jpg","132, 129, 95"
1861,painting,"https://api.nga.gov/iiif/7ea90668-980f-4d44-a614-e1612cd0567a/full/!200,200/0/default.jpg","137, 116, 87"
1825,painting,"https://api.nga.gov/iiif/40bb6453-0326-4377-8ffd-872226a0e5d8/full/!200,200/0/default.jpg","124, 133, 130"
1861,painting,"https://api.nga.gov/iiif/09714ae7-7c7f-4e00-a33b-efff7cc1cf06/full/!200,200/0/default.jpg","141, 127, 100"
1861,painting,"https://api.nga.gov/iiif/42404406-6796-4738-a421-6cd5cc7bfde4/full/!200,200/0/default.jpg","154, 133, 102"
1876,painting,"https://api.nga.gov/iiif/b41b3b70-af77-439b-a980-4e1434070111/full/!200,200/0/default.jpg","158, 160, 128"
1861,painting,"https://api.nga.gov/iiif/5a6b8044-6f5d-4bee-a82f-7a75f22be473/full/!200,200/0/default.jpg","157, 135, 96"
1890,painting,"https://api.nga.gov/iiif/92bf6016-0d0e-4739-999f-cc7e2bafcbaf/full/!200,200/0/default.jpg","141, 112, 61"
1854,painting,"https://api.nga.gov/iiif/d1d920f3-e25e-4c45-ab4b-2e15b0edabd5/full/!200,200/0/default.jpg","146, 126, 102"
1855,painting,"https://api.nga.gov/iiif/3bb66a1d-6b79-4a63-b397-a300ac41b6e1/full/!200,200/0/default.jpg","139, 129, 108"
1470,painting,"https://api.nga.gov/iiif/f2087521-95a8-42e9-b383-712221c3b31b/full/!200,200/0/default.jpg","128, 111, 82"
1861,painting,"https://api.nga.gov/iiif/d7f45e79-4301-4461-899c-6144145f678b/full/!200,200/0/default.jpg","159, 120, 77"
1861,painting,"https://api.nga.gov/iiif/0bb3a526-1b8b-465f-9fe5-0701b54c3cb3/full/!200,200/0/default.jpg","153, 130, 93"
1861,painting,"https://api.nga.gov/iiif/22d3381d-2bd2-4998-a7f8-eaaffe13323e/full/!200,200/0/default.jpg","140, 121, 91"
1847,painting,"https://api.nga.gov/iiif/132475be-828c-4c42-8b39-8da2aaaf0eae/full/!200,200/0/default.jpg","137, 114, 63"
1730,painting,"https://api.nga.gov/iiif/1804fdc0-8b6a-44ab-8db5-ab29d8cfa1b0/full/!200,200/0/default.jpg","134, 117, 91"
1861,painting,"https://api.nga.gov/iiif/7ea90668-980f-4d44-a614-e1612cd0567a/full/!200,200/0/default.jpg","137, 116, 87"
1861,painting,"https://api.nga.gov/iiif/f9c07f9f-2661-4a22-9374-d1dbf222580e/full/!200,200/0/default.jpg","150, 130, 95"
1855,painting,"https://api.nga.gov/iiif/798e9728-9270-4e95-8427-935c6b2553f2/full/!200,200/0/default.jpg","134, 114, 86"
1861,painting,"https://api.nga.gov/iiif/6d1d705d-cfac-41a9-bb14-6cb013051cee/full/!200,200/0/default.jpg","156, 133, 96"
1861,painting,"https://api.nga.gov/iiif/3c0d78e8-bd6d-4eae-ae1b-9bc565fdacc8/full/!200,200/0/default.jpg","157, 131, 82"
1861,painting,"https://api.nga.gov/iiif/e532ae6d-708f-4e54-a259-6014efdbcea7/full/!200,200/0/default.jpg","132, 129, 95"
1861,painting,"https://api.nga.gov/iiif/72a07618-7016-49fd-86bd-46792835b842/full/!200,200/0/default.jpg","134, 120, 90"
1854,painting,"https://api.nga.gov/iiif/2c60aee3-9a72-476b-a738-eb02793b9bf1/full/!200,200/0/default.jpg","147, 125, 96"
1861,painting,"https://api.nga.gov/iiif/670d001b-e601-4100-a5fe-04ec70fbf1f0/full/!200,200/0/default.jpg","144, 126, 92"
1861,painting,"https://api.nga.gov/iiif/1481eff0-180d-4398-bbf4-edf7ad1d64dc/full/!200,200/0/default.jpg","150, 127, 98"
1861,painting,"https://api.nga.gov/iiif/3add67e6-636d-4bfa-b7e9-33e5a9c834f6/full/!200,200/0/default.jpg","148, 137, 113"
1861,painting,"https://api.nga.gov/iiif/e61caf62-535b-4229-a391-c7be92231e07/full/!200,200/0/default.jpg","142, 119, 89"
1445,painting,"https://api.nga.gov/iiif/8958b6e6-a83f-4f6e-b14e-8845b4352b68/full/!200,200/0/default.jpg","169, 134, 75"
1861,painting,"https://api.nga.gov/iiif/96c9561e-e423-4ec0-969e-ddd8479bb7e4/full/!200,200/0/default.jpg","133, 118, 91"
1850,painting,"https://api.nga.gov/iiif/7442ed4b-64f9-40fe-9b19-0e14b630e802/full/!200,200/0/default.jpg","147, 120, 92"
1861,painting,"https://api.nga.gov/iiif/376bfff9-e255-478b-b05d-c4047ab07905/full/!200,200/0/default.jpg","132, 108, 80"
1855,painting,"https://api.nga.gov/iiif/ba6c68e4-c421-41ab-8bfe-832b4b399ea2/full/!200,200/0/default.jpg","145, 127, 102"
1855,painting,"https://api.nga.gov/iiif/a22cc20b-5dac-46b3-a2de-1a51bccbe266/full/!200,200/0/default.jpg","140, 120, 92"
1861,painting,"https://api.nga.gov/iiif/095da846-c1df-4eff-a12c-1f3542ac5dc6/full/!200,200/0/default.jpg","136, 118, 93"
1830,painting,"https://api.nga.gov/iiif/66d80c10-fef1-48ce-82ec-e68f0d39a501/full/!200,200/0/default.jpg","142, 136, 90"
1861,painting,"https://api.nga.gov/iiif/aa795815-e47a-472d-b593-2677bae93fa3/full/!200,200/0/default.jpg","150, 124, 87"
1890,painting,"https://api.nga.gov/iiif/7d6db742-9e1b-46b6-a05d-dcd7039a21e4/full/!200,200/0/default.jpg","129, 132, 101"
1861,painting,"https://api.nga.gov/iiif/35c2b45f-16cd-4f3d-adae-b5e65fe51290/full/!200,200/0/default.jpg","127, 134, 114"
1861,painting,"https://api.nga.gov/iiif/22d3381d-2bd2-4998-a7f8-eaaffe13323e/full/!200,200/0/default.jpg","140, 121, 91"
1861,painting,"https://api.nga.gov/iiif/3add67e6-636d-4bfa-b7e9-33e5a9c834f6/full/!200,200/0/default.jpg","148, 137, 113"
1861,painting,"https://api.nga.gov/iiif/a98f766e-0532-49b3-97ea-74015f188da7/full/!200,200/0/default.jpg","158, 133, 92"
1861,painting,"https://api.nga.gov/iiif/8eea98bf-dd2a-4173-9900-385591c4f0ff/full/!200,200/0/default.jpg","137, 113, 83"
1861,painting,"https://api.nga.gov/iiif/60c158be-595a-4e41-bed5-2e6b0048ae26/full/!200,200/0/default.jpg","143, 125, 98"
1861,painting,"https://api.nga.gov/iiif/09714ae7-7c7f-4e00-a33b-efff7cc1cf06/full/!200,200/0/default.jpg","141, 127, 100"
1861,painting,"https://api.nga.gov/iiif/0bdddddc-a323-44c0-a46c-61b6e910d35c/full/!200,200/0/default.jpg","137, 124, 90"
1861,painting,"https://api.nga.gov/iiif/d906bf7b-79e1-4c8a-adeb-6cdcf2287f28/full/!200,200/0/default.jpg","133, 115, 87"
1880,painting,"https://api.nga.gov/iiif/7b29c413-dd42-4cb5-a989-74ec08feb0e4/full/!200,200/0/default.jpg","182, 144, 103"
1861,painting,"https://api.nga.gov/iiif/ff94144a-c675-48e2-8447-2eede974a7fd/full/!200,200/0/default.jpg","156, 136, 105"
1854,painting,"https://api.nga.gov/iiif/f6a3c2a4-2ac6-44e2-9150-96c9db506529/full/!200,200/0/default.jpg","131, 115, 84"
1861,painting,"https://api.nga.gov/iiif/457c21c8-0b7e-490d-98ab-7b195da8ed2d/full/!200,200/0/default.jpg","166, 129, 93"
1861,painting,"https://api.nga.gov/iiif/60707766-2bf0-4380-a186-bd2c74ea2b4d/full/!200,200/0/default.jpg","169, 137, 96"
1861,painting,"https://api.nga.gov/iiif/6f682203-5491-4471-a799-b6b2f32e4b2f/full/!200,200/0/default.jpg","180, 149, 101"
1861,painting,"https://api.nga.gov/iiif/1b053739-6f8f-4301-b726-f86a8b2c6f3d/full/!200,200/0/default.jpg","151, 122, 83"
1854,painting,"https://api.nga.gov/iiif/73b07cb3-4967-465f-8810-774a095aa08a/full/!200,200/0/default.jpg","148, 138, 109"
1861,painting,"https://api.nga.gov/iiif/14ab81bb-072d-405f-a397-7b7a850d67c9/full/!200,200/0/default.jpg","140, 120, 84"
1861,painting,"https://api.nga.gov/iiif/60707766-2bf0-4380-a186-bd2c74ea2b4d/full/!200,200/0/default.jpg","169, 137, 96"
1861,painting,"https://api.nga.gov/iiif/51314995-18ce-4b2c-aecf-fe7fa4c82133/full/!200,200/0/default.jpg","136, 117, 85"
1854,painting,"https://api.nga.gov/iiif/208e9464-a275-42ba-97ab-2067cddd0199/full/!200,200/0/default.jpg","139, 131, 111"
1861,painting,"https://api.nga.gov/iiif/cc75d81f-86ea-4f91-a83a-6cc19326bca8/full/!200,200/0/default.jpg","144, 116, 82"
1861,painting,"https://api.nga.gov/iiif/34d4b64a-e1fe-453f-846d-1e4143de6f6c/full/!200,200/0/default.jpg","173, 145, 104"
1861,painting,"https://api.nga.gov/iiif/2af00e36-a0a0-4229-97ee-55d753c6dadc/full/!200,200/0/default.jpg","149, 132, 99"
1861,painting,"https://api.nga.gov/iiif/1b053739-6f8f-4301-b726-f86a8b2c6f3d/full/!200,200/0/default.jpg","151, 122, 83"
1861,painting,"https://api.nga.gov/iiif/e73b6e72-5ed9-46ff-a55f-c5074804854f/full/!200,200/0/default.jpg","148, 125, 88"
1861,painting,"https://api.nga.gov/iiif/95016c67-ce35-4459-ae97-781ead08d167/full/!200,200/0/default.jpg","195, 162, 108"
1861,painting,"https://api.nga.gov/iiif/46e0b899-87c5-4848-a8cb-4523c3dbe97b/full/!200,200/0/default.jpg","150, 120, 87"
1861,painting,"https://api.nga.gov/iiif/72a07618-7016-49fd-86bd-46792835b842/full/!200,200/0/default.jpg","134, 120, 90"
1861,painting,"https://api.nga.gov/iiif/3add67e6-636d-4bfa-b7e9-33e5a9c834f6/full/!200,200/0/default.jpg","148, 137, 113"
1861,painting,"https://api.nga.gov/iiif/3c0d78e8-bd6d-4eae-ae1b-9bc565fdacc8/full/!200,200/0/default.jpg","157, 131, 82"
1861,painting,"https://api.nga.gov/iiif/72178f14-4303-4d20-9be9-6c7458ce328b/full/!200,200/0/default.jpg","126, 116, 90"
1861,painting,"https://api.nga.gov/iiif/228534d1-b730-4eba-be7f-9ccdb371030b/full/!200,200/0/default.jpg","142, 125, 90"
1861,painting,"https://api.nga.gov/iiif/d906bf7b-79e1-4c8a-adeb-6cdcf2287f28/full/!200,200/0/default.jpg","133, 115, 87"
1885,painting,"https://api.nga.gov/iiif/38b5d6d9-acd5-4a0b-bd88-0ece50cb989b/full/!200,200/0/default.jpg","148, 132, 97"
1854,painting,"https://api.nga.gov/iiif/b1e2fb3f-7118-484a-931a-c42e9f3c7838/full/!200,200/0/default.jpg","146, 131, 107"
1861,painting,"https://api.nga.gov/iiif/b74235fc-7eb4-461c-a909-8273a545ac75/full/!200,200/0/default.jpg","144, 124, 94"
1888,painting,"https://api.nga.gov/iiif/6462ab17-0175-403d-9af4-fa89dc453263/full/!200,200/0/default.jpg","161, 131, 105"
1855,painting,"https://api.nga.gov/iiif/f10ea8cc-3daa-4d1b-9d3d-9eab6d0ea6ff/full/!200,200/0/default.jpg","126, 116, 88"
1861,painting,"https://api.nga.gov/iiif/ec0b5339-1e45-4085-b5e3-c50d10d21ad4/full/!200,200/0/default.jpg","130, 118, 87"
1854,painting,"https://api.nga.gov/iiif/a331c341-4eb1-49f1-b8bb-d66fd5f182d9/full/!200,200/0/default.jpg","142, 126, 102"
1861,painting,"https://api.nga.gov/iiif/6d9ac4fc-c99f-418a-800e-0f0ebd0be36f/full/!200,200/0/default.jpg","123, 117, 94"
1861,painting,"https://api.nga.gov/iiif/d7f45e79-4301-4461-899c-6144145f678b/full/!200,200/0/default.jpg","159, 120, 77"
1861,painting,"https://api.nga.gov/iiif/3c1508e9-9540-4ee5-8b74-53d15ac8be27/full/!200,200/0/default.jpg","148, 128, 99"
1861,painting,"https://api.nga.gov/iiif/22d3381d-2bd2-4998-a7f8-eaaffe13323e/full/!200,200/0/default.jpg","140, 121, 91"
1855,painting,"https://api.nga.gov/iiif/3bb66a1d-6b79-4a63-b397-a300ac41b6e1/full/!200,200/0/default.jpg","139, 129, 108"
1854,painting,"https://api.nga.gov/iiif/124e9d47-3fb9-422b-a2f9-9492d19f1ef2/full/!200,200/0/default.jpg","132, 121, 89"
1854,painting,"https://api.nga.gov/iiif/4d7e8ed4-e358-4721-b6b6-20b2a05e622f/full/!200,200/0/default.jpg","168, 148, 120"
1861,painting,"https://api.nga.gov/iiif/6d768583-a206-418d-adeb-3d00a138e2f5/full/!200,200/0/default.jpg","137, 122, 87"
1861,painting,"https://api.nga.gov/iiif/56ec0b7a-f749-4178-8eb0-071c13e73d0f/full/!200,200/0/default.jpg","126, 114, 86"
1854,painting,"https://api.nga.gov/iiif/04e094c1-89c8-47eb-967b-639bbaf342b9/full/!200,200/0/default.jpg","147, 139, 108"
1861,painting,"https://api.nga.gov/iiif/60707766-2bf0-4380-a186-bd2c74ea2b4d/full/!200,200/0/default.jpg","169, 137, 96"
1850,painting,"https://api.nga.gov/iiif/71b6fb58-fb7d-4e3a-87ae-7db7eb9df832/full/!200,200/0/default.jpg","124, 111, 88"
1861,painting,"https://api.nga.gov/iiif/e280b88d-ee73-45d8-82fb-21a6afb51053/full/!200,200/0/default.jpg","147, 125, 91"
1861,painting,"https://api.nga.gov/iiif/cc75d81f-86ea-4f91-a83a-6cc19326bca8/full/!200,200/0/default.jpg","144, 116, 82"
1861,painting,"https://api.nga.gov/iiif/3c1508e9-9540-4ee5-8b74-53d15ac8be27/full/!200,200/0/default.jpg","148, 128, 99"
1855,painting,"https://api.nga.gov/iiif/04359922-eef3-4a80-b7c3-747b039b893c/full/!200,200/0/default.jpg","134, 116, 88"
1861,painting,"https://api.nga.gov/iiif/6d768583-a206-418d-adeb-3d00a138e2f5/full/!200,200/0/default.jpg","137, 122, 87"
1861,painting,"https://api.nga.gov/iiif/9516feae-fcd3-44ff-9e93-fc9fa39ad063/full/!200,200/0/default.jpg","148, 139, 108"
1855,painting,"https://api.nga.gov/iiif/934f0be6-1232-4efc-b4b2-b334eee42247/full/!200,200/0/default.jpg","147, 128, 95"
1861,painting,"https://api.nga.gov/iiif/09714ae7-7c7f-4e00-a33b-efff7cc1cf06/full/!200,200/0/default.jpg","141, 127, 100"
1861,painting,"https://api.nga.gov/iiif/a47fb09f-e5a8-4c53-a3c6-d961448516b8/full/!200,200/0/default.jpg","157, 132, 94"
1855,painting,"https://api.nga.gov/iiif/04359922-eef3-4a80-b7c3-747b039b893c/full/!200,200/0/default.jpg","134, 116, 88"
1861,painting,"https://api.nga.gov/iiif/efba5dee-6e7b-481e-88cc-63f97719bac5/full/!200,200/0/default.jpg","166, 141, 108"
1875,painting,"https://api.nga.gov/iiif/b0aa3afc-ad2c-46e3-8cc4-fe4b2d6e644e/full/!200,200/0/default.jpg","138, 120, 75"
1861,painting,"https://api.nga.gov/iiif/525777e9-8d46-445d-be61-c36e41fc3af5/full/!200,200/0/default.jpg","140, 123, 89"
1850,painting,"https://api.nga.gov/iiif/5391cbcd-8f15-4b9e-afbd-9914e6784a88/full/!200,200/0/default.jpg","141, 149, 119"
1847,painting,"https://api.nga.gov/iiif/9c3e4621-c4b2-418e-80b9-10597ffb6b1f/full/!200,200/0/default.jpg","139, 188, 167"
1861,painting,"https://api.nga.gov/iiif/11f46058-971d-47fe-9e0f-763722f5027d/full/!200,200/0/default.jpg","132, 122, 94"
1860,painting,"https://api.nga.gov/iiif/108500f8-2ddd-4214-81ae-3bc6acadbff6/full/!200,200/0/default.jpg","133, 114, 67"
1854,painting,"https://api.nga.gov/iiif/a331c341-4eb1-49f1-b8bb-d66fd5f182d9/full/!200,200/0/default.jpg","142, 126, 102"
1861,painting,"https://api.nga.gov/iiif/db531492-f882-4ca8-983b-08f5d6377c41/full/!200,200/0/default.jpg","169, 137, 94"
1861,painting,"https://api.nga.gov/iiif/aa795815-e47a-472d-b593-2677bae93fa3/full/!200,200/0/default.jpg","150, 124, 87"
1861,painting,"https://api.nga.gov/iiif/c7456f86-1bc6-44ea-b057-e3cd6848d495/full/!200,200/0/default.jpg","146, 118, 89"
1883,painting,"https://api.nga.gov/iiif/96a750e5-76bb-4773-892e-d73d79d671a8/full/!200,200/0/default.jpg","120, 140, 122"
1830,painting,"https://api.nga.gov/iiif/bcea6136-23e6-4474-8d55-2f36301d9ac9/full/!200,200/0/default.jpg","128, 109, 78"
1854,painting,"https://api.nga.gov/iiif/73b07cb3-4967-465f-8810-774a095aa08a/full/!200,200/0/default.jpg","148, 138, 109"
1861,painting,"https://api.nga.gov/iiif/d8d229e4-0046-41bc-8afb-2ce21d4f7e3c/full/!200,200/0/default.jpg","140, 109, 57"
1861,painting,"https://api.nga.gov/iiif/e280b88d-ee73-45d8-82fb-21a6afb51053/full/!200,200/0/default.jpg","147, 125, 91"
1847,painting,"https://api.nga.gov/iiif/77d5bdae-0c9a-477c-bcdd-2d534bf9e6b8/full/!200,200/0/default.jpg","125, 123, 96"
1825,painting,"https://api.nga.gov/iiif/4533a385-b367-441e-9d7e-56e41c77c336/full/!200,200/0/default.jpg","143, 143, 124"
1861,painting,"https://api.nga.gov/iiif/95016c67-ce35-4459-ae97-781ead08d167/full/!200,200/0/default.jpg","195, 162, 108"
1861,painting,"https://api.nga.gov/iiif/8b65b740-7dd2-4061-8df3-14ef425aa07b/full/!200,200/0/default.jpg","150, 128, 97"
1861,painting,"https://api.nga.gov/iiif/43c838ba-ca03-4280-b4a7-6035499eadf7/full/!200,200/0/default.jpg","156, 134, 105"
1890,painting,"https://api.nga.gov/iiif/6d6753b3-c1ef-494c-9dc3-244e8982c867/full/!200,200/0/default.jpg","165, 176, 133"
1861,painting,"https://api.nga.gov/iiif/00c446d0-ddcd-4eed-b25d-86709be75867/full/!200,200/0/default.jpg","137, 134, 98"
1861,painting,"https://api.nga.gov/iiif/457c21c8-0b7e-490d-98ab-7b195da8ed2d/full/!200,200/0/default.jpg","166, 129, 93"
1855,painting,"https://api.nga.gov/iiif/5c029a9f-d5f7-4b1d-8fe0-dff8c20fc6f3/full/!200,200/0/default.jpg","136, 119, 87"
1861,painting,"https://api.nga.gov/iiif/34d4b64a-e1fe-453f-846d-1e4143de6f6c/full/!200,200/0/default.jpg","173, 145, 104"
1861,painting,"https://api.nga.gov/iiif/e532ae6d-708f-4e54-a259-6014efdbcea7/full/!200,200/0/default.jpg","132, 129, 95"
1854,painting,"https://api.nga.gov/iiif/c5b1c28c-5f79-4b95-a1fc-9c7d671e99e2/full/!200,200/0/default.jpg","142, 134, 103"
1854,painting,"https://api.nga.gov/iiif/f578ab60-df7d-496b-b223-53bfedf1348d/full/!200,200/0/default.jpg","151, 132, 99"
1854,painting,"https://api.nga.gov/iiif/c8befcd8-4237-4652-ba45-b6da85b6f23e/full/!200,200/0/default.jpg","176, 135, 81"
1861,painting,"https://api.nga.gov/iiif/6d1d705d-cfac-41a9-bb14-6cb013051cee/full/!200,200/0/default.jpg","156, 133, 96"
1861,painting,"https://api.nga.gov/iiif/d906bf7b-79e1-4c8a-adeb-6cdcf2287f28/full/!200,200/0/default.jpg","133, 115, 87"
1861,painting,"https://api.nga.gov/iiif/4483a49a-e043-46e7-9a3a-982050e121cc/full/!200,200/0/default.jpg","154, 133, 93"
1861,painting,"https://api.nga.gov/iiif/189dbf8b-cfe4-4c82-98e7-720167d0ea0a/full/!200,200/0/default.jpg","129, 119, 89"
1861,painting,"https://api.nga.gov/iiif/243146bd-0ba9-4805-b4c5-e3324182bd1f/full/!200,200/0/default.jpg","135, 122, 90"
1861,painting,"https://api.nga.gov/iiif/60c158be-595a-4e41-bed5-2e6b0048ae26/full/!200,200/0/default.jpg","143, 125, 98"
1861,painting,"https://api.nga.gov/iiif/670d001b-e601-4100-a5fe-04ec70fbf1f0/full/!200,200/0/default.jpg","144, 126, 92"
1861,painting,"https://api.nga.gov/iiif/becac2a4-bd31-4cb8-82d2-7f4b1c1ac05b/full/!200,200/0/default.jpg","156, 129, 91"
1861,painting,"https://api.nga.gov/iiif/3c0d78e8-bd6d-4eae-ae1b-9bc565fdacc8/full/!200,200/0/default.jpg","157, 131, 82"
1861,painting,"https://api.nga.gov/iiif/b59155bb-b8cc-464f-ae7e-2f27cb50ca3f/full/!200,200/0/default.jpg","141, 123, 90"
1861,painting,"https://api.nga.gov/iiif/b74235fc-7eb4-461c-a909-8273a545ac75/full/!200,200/0/default.jpg","144, 124, 94"
1861,painting,"https://api.nga.gov/iiif/78d57e7c-40ed-4842-9912-fc5228e91e83/full/!200,200/0/default.jpg","148, 131, 101"
1875,painting,"https://api.nga.gov/iiif/e09b8a48-bce4-465e-ab99-95b6b5833130/full/!200,200/0/default.jpg","166, 154, 136"
1854,painting,"https://api.nga.gov/iiif/124e9d47-3fb9-422b-a2f9-9492d19f1ef2/full/!200,200/0/default.jpg","132, 121, 89"
1861,painting,"https://api.nga.gov/iiif/376bfff9-e255-478b-b05d-c4047ab07905/full/!200,200/0/default.jpg","132, 108, 80"
1850,painting,"https://api.nga.gov/iiif/93b3aeca-e6f8-4824-83ca-77c82dd1fa35/full/!200,200/0/default.jpg","130, 127, 100"
1861,painting,"https://api.nga.gov/iiif/cc75d81f-86ea-4f91-a83a-6cc19326bca8/full/!200,200/0/default.jpg","144, 116, 82"
1854,painting,"https://api.nga.gov/iiif/f4c1a14d-a826-4b05-ba30-846503425393/full/!200,200/0/default.jpg","153, 134, 106"
1854,painting,"https://api.nga.gov/iiif/ea063023-99ef-4a83-8368-6d45beb449ae/full/!200,200/0/default.jpg","155, 132, 83"
1850,painting,"https://api.nga.gov/iiif/7cd99905-ffb1-401e-a481-8c6465e4077e/full/!200,200/0/default.jpg","140, 115, 77"
1861,painting,"https://api.nga.gov/iiif/72178f14-4303-4d20-9be9-6c7458ce328b/full/!200,200/0/default.jpg","126, 116, 90"
1888,painting,"https://api.nga.gov/iiif/73578f5e-28c7-4ca0-8efc-7f9ba67e66f2/full/!200,200/0/default.jpg","126, 121, 91"
1861,painting,"https://api.nga.gov/iiif/faff07d6-7c2b-4514-bcbb-f1c13fd88be7/full/!200,200/0/default.jpg","139, 119, 89"
1861,painting,"https://api.nga.gov/iiif/376bfff9-e255-478b-b05d-c4047ab07905/full/!200,200/0/default.jpg","132, 108, 80"
1658,painting,"https://api.nga.gov/iiif/1a1caf2d-5284-4849-9873-4560341a4b25/full/!200,200/0/default.jpg","124, 109, 89"
1854,painting,"https://api.nga.gov/iiif/d3529746-79f5-4210-b8b9-b1123a3646f7/full/!200,200/0/default.jpg","139, 121, 85"
1855,painting,"https://api.nga.gov/iiif/144ce4c9-3735-4318-b232-0215e799c309/full/!200,200/0/default.jpg","134, 109, 68"
1855,painting,"https://api.nga.gov/iiif/fd349852-a7fd-49fb-b29a-491c2079e336/full/!200,200/0/default.jpg","146, 129, 100"
1861,painting,"https://api.nga.gov/iiif/72a07618-7016-49fd-86bd-46792835b842/full/!200,200/0/default.jpg","134, 120, 90"
1861,painting,"https://api.nga.gov/iiif/5b81b623-79e2-45f1-a07d-26b3d9d04e64/full/!200,200/0/default.jpg","168, 143, 103"
1890,painting,"https://api.nga.gov/iiif/7d6db742-9e1b-46b6-a05d-dcd7039a21e4/full/!200,200/0/default.jpg","129, 132, 101"
1861,painting,"https://api.nga.gov/iiif/e280b88d-ee73-45d8-82fb-21a6afb51053/full/!200,200/0/default.jpg","147, 125, 91"
1861,painting,"https://api.nga.gov/iiif/e73b6e72-5ed9-46ff-a55f-c5074804854f/full/!200,200/0/default.jpg","148, 125, 88"
1861,painting,"https://api.nga.gov/iiif/1be57a0b-62a8-4235-9fb0-600898cdf274/full/!200,200/0/default.jpg","150, 128, 93"
1861,painting,"https://api.nga.gov/iiif/e61caf62-535b-4229-a391-c7be92231e07/full/!200,200/0/default.jpg","142, 119, 89"
1861,painting,"https://api.nga.gov/iiif/bde7e0a1-6ef1-4c60-bb79-11f1775ab792/full/!200,200/0/default.jpg","128, 104, 75"
1855,painting,"https://api.nga.gov/iiif/144ce4c9-3735-4318-b232-0215e799c309/full/!200,200/0/default.jpg","134, 109, 68"
1854,painting,"https://api.nga.gov/iiif/218f46db-6c5c-4bba-b99f-7bd2cd70cefb/full/!200,200/0/default.jpg","163, 138, 105"
1855,painting,"https://api.nga.gov/iiif/64e075a1-1f04-4c96-922a-20f203bed058/full/!200,200/0/default.jpg","132, 115, 82"
1861,painting,"https://api.nga.gov/iiif/1be57a0b-62a8-4235-9fb0-600898cdf274/full/!200,200/0/default.jpg","150, 128, 93"
1861,painting,"https://api.nga.gov/iiif/3add67e6-636d-4bfa-b7e9-33e5a9c834f6/full/!200,200/0/default.jpg","148, 137, 113"
1861,painting,"https://api.nga.gov/iiif/0f949378-3a2e-4375-a909-27f8b9070678/full/!200,200/0/default.jpg","139, 133, 102"
1861,painting,"https://api.nga.gov/iiif/d8d229e4-0046-41bc-8afb-2ce21d4f7e3c/full/!200,200/0/default.jpg","140, 109, 57"
1841,painting,"https://api.nga.gov/iiif/bf907138-43ba-4e12-bef6-b82634074555/full/!200,200/0/default.jpg","139, 106, 65"
1891,painting,"https://api.nga.gov/iiif/6e8255c1-623e-4cb7-b9ae-c9c42da3e504/full/!200,200/0/default.jpg","137, 102, 65"
1854,painting,"https://api.nga.gov/iiif/e33b7c36-81c3-438a-ae75-5323bac13cd4/full/!200,200/0/default.jpg","152, 127, 95"
1854,painting,"https://api.nga.gov/iiif/b3b2d99d-ef9a-4ced-9e62-508d64002a75/full/!200,200/0/default.jpg","146, 128, 101"
1861,painting,"https://api.nga.gov/iiif/49807e69-03b9-4d9e-b168-022317dfa8cc/full/!200,200/0/default.jpg","160, 137, 107"
1861,painting,"https://api.nga.gov/iiif/95cea25c-e880-4054-bc81-15ea37a5eb8a/full/!200,200/0/default.jpg","152, 144, 110"
1861,painting,"https://api.nga.gov/iiif/b770e346-36b9-4093-bcba-2aa5134ec3bb/full/!200,200/0/default.jpg","142, 124, 89"
1885,painting,"https://api.nga.gov/iiif/2ed20848-64ef-47ed-b826-540d3d1d224f/full/!200,200/0/default.jpg","174, 155, 108"
1478,painting,"https://api.nga.gov/iiif/0fd27212-b70a-4a0b-9e7c-ed0d8bbe7ebf/full/!200,200/0/default.jpg","123, 106, 75"
1861,painting,"https://api.nga.gov/iiif/f1971440-0f98-4cda-a8f5-814f08e4213b/full/!200,200/0/default.jpg","146, 121, 87"
1855,painting,"https://api.nga.gov/iiif/4da1528a-7e4c-40c5-9d36-e2f0f38793b8/full/!200,200/0/default.jpg","165, 138, 106"
1861,painting,"https://api.nga.gov/iiif/b39f3e67-7044-4964-98a3-0d0a1c107eee/full/!200,200/0/default.jpg","139, 134, 106"
1861,painting,"https://api.nga.gov/iiif/27439624-3c6b-4471-aa84-7d8b03974d59/full/!200,200/0/default.jpg","129, 107, 73"
1861,painting,"https://api.nga.gov/iiif/00c446d0-ddcd-4eed-b25d-86709be75867/full/!200,200/0/default.jpg","137, 134, 98"
1861,painting,"https://api.nga.gov/iiif/72178f14-4303-4d20-9be9-6c7458ce328b/full/!200,200/0/default.jpg","126, 116, 90"
1861,painting,"https://api.nga.gov/iiif/670d001b-e601-4100-a5fe-04ec70fbf1f0/full/!200,200/0/default.jpg","144, 126, 92"
1861,painting,"https://api.nga.gov/iiif/0ee4ce32-e06d-463a-9c37-a1390168525e/full/!200,200/0/default.jpg","125, 121, 101"
1861,painting,"https://api.nga.gov/iiif/a4428b02-d5c0-4e03-ab06-d65b01ae3c54/full/!200,200/0/default.jpg","134, 128, 100"
1861,painting,"https://api.nga.gov/iiif/633ca099-eb0e-4651-a4e3-9b05fbdde60c/full/!200,200/0/default.jpg","133, 120, 86"
1880,painting,"https://api.nga.gov/iiif/e6d01922-9b22-4615-a239-86a528c0608d/full/!200,200/0/default.jpg","127, 110, 88"
1861,painting,"https://api.nga.gov/iiif/ae4ebe90-eed0-47be-bbc3-c4d191ceaf2c/full/!200,200/0/default.jpg","144, 124, 91"
1854,painting,"https://api.nga.gov/iiif/218f46db-6c5c-4bba-b99f-7bd2cd70cefb/full/!200,200/0/default.jpg","163, 138, 105"
1861,painting,"https://api.nga.gov/iiif/f71749cd-e0b9-41ad-8ffd-5b71a42ab9a4/full/!200,200/0/default.jpg","153, 142, 97"
1861,painting,"https://api.nga.gov/iiif/56ec0b7a-f749-4178-8eb0-071c13e73d0f/full/!200,200/0/default.jpg","126, 114, 86"
1854,painting,"https://api.nga.gov/iiif/9a8e2a67-4b10-41df-ba7f-92f1172a1b3a/full/!200,200/0/default.jpg","156, 139, 113"
1861,painting,"https://api.nga.gov/iiif/b8886635-a366-483f-8c0a-55542071772b/full/!200,200/0/default.jpg","153, 118, 82"
1861,painting,"https://api.nga.gov/iiif/21116a60-8a08-4c39-bc66-9382576dde88/full/!200,200/0/default.jpg","170, 144, 102"
1834,painting,"https://api.nga.gov/iiif/173199d6-cab0-4c52-9d36-25da0c54f10e/full/!200,200/0/default.jpg","182, 161, 119"
1854,painting,"https://api.nga.gov/iiif/d973645c-9086-4d1e-a7e7-97e3c7459175/full/!200,200/0/default.jpg","154, 133, 103"
1861,painting,"https://api.nga.gov/iiif/14ab81bb-072d-405f-a397-7b7a850d67c9/full/!200,200/0/default.jpg","140, 120, 84"
1861,painting,"https://api.nga.gov/iiif/b8886635-a366-483f-8c0a-55542071772b/full/!200,200/0/default.jpg","153, 118, 82"
1854,painting,"https://api.nga.gov/iiif/d973645c-9086-4d1e-a7e7-97e3c7459175/full/!200,200/0/default.jpg","154, 133, 103"
1888,painting,"https://api.nga.gov/iiif/73578f5e-28c7-4ca0-8efc-7f9ba67e66f2/full/!200,200/0/default.jpg","126, 121, 91"
1861,painting,"https://api.nga.gov/iiif/14ab81bb-072d-405f-a397-7b7a850d67c9/full/!200,200/0/default.jpg","140, 120, 84"
1861,painting,"https://api.nga.gov/iiif/5b81b623-79e2-45f1-a07d-26b3d9d04e64/full/!200,200/0/default.jpg","168, 143, 103"
1861,painting,"https://api.nga.gov/iiif/a0da4e37-575b-4d82-8642-7cdb55806723/full/!200,200/0/default.jpg","174, 140, 93"
1855,painting,"https://api.nga.gov/iiif/d0ab1f33-1ec6-445a-88c4-93de4c5d1255/full/!200,200/0/default.jpg","139, 124, 91"
1861,painting,"https://api.nga.gov/iiif/4133ddae-6de0-4e9f-8ded-a43b2ac6c8c1/full/!200,200/0/default.jpg","168, 155, 132"
1900,painting,"https://api.nga.gov/iiif/2142234c-6ff3-43c7-a026-91c90a0bb86c/full/!200,200/0/default.jpg","124, 105, 85"
1861,painting,"https://api.nga.gov/iiif/cc75d81f-86ea-4f91-a83a-6cc19326bca8/full/!200,200/0/default.jpg","144, 116, 82"
1861,painting,"https://api.nga.gov/iiif/72dffd8d-2b41-47d5-a2b9-20e810fde5cb/full/!200,200/0/default.jpg","142, 119, 84"
1440,painting,"https://api.nga.gov/iiif/2b5b0121-85d6-4c8e-9752-a83fb70d7995/full/!200,200/0/default.jpg","124, 102, 68"
1900,painting,"https://api.nga.gov/iiif/d20acee9-c24e-4d81-96c0-bb4d55efa42b/full/!200,200/0/default.jpg","147, 120, 67"
1861,painting,"https://api.nga.gov/iiif/457c21c8-0b7e-490d-98ab-7b195da8ed2d/full/!200,200/0/default.jpg","166, 129, 93"
1861,painting,"https://api.nga.gov/iiif/c024a6b7-5465-4a83-9385-a309fcc53045/full/!200,200/0/default.jpg","166, 152, 121"
1500,painting,"https://api.nga.gov/iiif/e2ff91db-d62b-4d10-9aaf-1d36eeac2f46/full/!200,200/0/default.jpg","148, 130, 96"
1854,painting,"https://api.nga.gov/iiif/4e195984-eab1-4eff-a064-58d30ca8fc64/full/!200,200/0/default.jpg","162, 142, 114"
1861,painting,"https://api.nga.gov/iiif/fbfd7f9b-bc00-4cde-b2cd-b3ccd72414b5/full/!200,200/0/default.jpg","140, 131, 101"
1861,painting,"https://api.nga.gov/iiif/81509efa-b458-4661-9351-454997a62840/full/!200,200/0/default.jpg","152, 132, 97"
1861,painting,"https://api.nga.gov/iiif/ee7d4e8d-2321-43cf-b860-98f32bb331b7/full/!200,200/0/default.jpg","173, 140, 98"
1861,painting,"https://api.nga.gov/iiif/3c0d78e8-bd6d-4eae-ae1b-9bc565fdacc8/full/!200,200/0/default.jpg","157, 131, 82"
1830,painting,"https://api.nga.gov/iiif/5e75e5d2-0a63-45d5-89f4-80b788682ed3/full/!200,200/0/default.jpg","135, 136, 80"
1854,painting,"https://api.nga.gov/iiif/4d7e8ed4-e358-4721-b6b6-20b2a05e622f/full/!200,200/0/default.jpg","168, 148, 120"
1854,painting,"https://api.nga.gov/iiif/b313f9c9-d436-474d-aabc-79c5eedf1385/full/!200,200/0/default.jpg","123, 128, 108"
1861,painting,"https://api.nga.gov/iiif/e280b88d-ee73-45d8-82fb-21a6afb51053/full/!200,200/0/default.jpg","147, 125, 91"
1854,painting,"https://api.nga.gov/iiif/7d903b68-1435-4b80-ab8d-5f8b95b433c8/full/!200,200/0/default.jpg","139, 132, 102"
1430,painting,"https://api.nga.gov/iiif/e64daf38-38e8-4d0c-acb2-8ff370cc188c/full/!200,200/0/default.jpg","126, 98, 58"
1861,painting,"https://api.nga.gov/iiif/ada2b344-d253-465b-a12a-03f30f70588d/full/!200,200/0/default.jpg","122, 122, 95"
1861,painting,"https://api.nga.gov/iiif/f1971440-0f98-4cda-a8f5-814f08e4213b/full/!200,200/0/default.jpg","146, 121, 87"
1861,painting,"https://api.nga.gov/iiif/a0da4e37-575b-4d82-8642-7cdb55806723/full/!200,200/0/default.jpg","174, 140, 93"
1895,painting,"https://api.nga.gov/iiif/34d9231a-0cb3-41fc-9757-4e3f0a670426/full/!200,200/0/default.jpg","194, 170, 139"
1861,painting,"https://api.nga.gov/iiif/b39f3e67-7044-4964-98a3-0d0a1c107eee/full/!200,200/0/default.jpg","139, 134, 106"
1861,painting,"https://api.nga.gov/iiif/f9c07f9f-2661-4a22-9374-d1dbf222580e/full/!200,200/0/default.jpg","150, 130, 95"
1861,painting,"https://api.nga.gov/iiif/3de53820-9a39-4c57-b8a7-d83a4f8158bb/full/!200,200/0/default.jpg","171, 161, 126"
1861,painting,"https://api.nga.gov/iiif/3c1508e9-9540-4ee5-8b74-53d15ac8be27/full/!200,200/0/default.jpg","148, 128, 99"
1883,painting,"https://api.nga.gov/iiif/f422307b-82b4-4785-99bd-c331742bb866/full/!200,200/0/default.jpg","148, 145, 112"
1890,painting,"https://api.nga.gov/iiif/f342d303-e43d-47eb-b327-8929db41f333/full/!200,200/0/default.jpg","140, 107, 70"
1861,painting,"https://api.nga.gov/iiif/c7456f86-1bc6-44ea-b057-e3cd6848d495/full/!200,200/0/default.jpg","146, 118, 89"
1861,painting,"https://api.nga.gov/iiif/6d1d705d-cfac-41a9-bb14-6cb013051cee/full/!200,200/0/default.jpg","156, 133, 96"
1861,painting,"https://api.nga.gov/iiif/b59155bb-b8cc-464f-ae7e-2f27cb50ca3f/full/!200,200/0/default.jpg","141, 123, 90"
1445,painting,"https://api.nga.gov/iiif/4de6830b-c1f3-4508-a360-bfcd9e441904/full/!200,200/0/default.jpg","145, 128, 115"
1837,painting,"https://api.nga.gov/iiif/f91fb4d3-6438-4919-a8e9-2dea0dfb6b30/full/!200,200/0/default.jpg","134, 127, 108"
1456,painting,"https://api.nga.gov/iiif/644d2492-3c7c-4f1e-ab33-c837edc019c2/full/!200,200/0/default.jpg","127, 100, 66"
1861,painting,"https://api.nga.gov/iiif/a47fb09f-e5a8-4c53-a3c6-d961448516b8/full/!200,200/0/default.jpg","157, 132, 94"
1861,painting,"https://api.nga.gov/iiif/6d768583-a206-418d-adeb-3d00a138e2f5/full/!200,200/0/default.jpg","137, 122, 87"
1854,painting,"https://api.nga.gov/iiif/e4667a6c-fc4c-4cec-a38f-e6ec738dee29/full/!200,200/0/default.jpg","140, 120, 83"
1861,painting,"https://api.nga.gov/iiif/ec0b5339-1e45-4085-b5e3-c50d10d21ad4/full/!200,200/0/default.jpg","130, 118, 87"
1845,painting,"https://api.nga.gov/iiif/8ce73c61-40c3-4872-a408-f47a0b7655be/full/!200,200/0/default.jpg","126, 106, 71"
1861,painting,"https://api.nga.gov/iiif/14ab81bb-072d-405f-a397-7b7a850d67c9/full/!200,200/0/default.jpg","140, 120, 84"
1855,painting,"https://api.nga.gov/iiif/1df1e604-3a6a-4427-a6a0-9f16a58581b3/full/!200,200/0/default.jpg","132, 113, 85"
1861,painting,"https://api.nga.gov/iiif/0bb3a526-1b8b-465f-9fe5-0701b54c3cb3/full/!200,200/0/default.jpg","153, 130, 93"
1861,painting,"https://api.nga.gov/iiif/a9df2886-ab4d-4092-99c1-f09badf50f23/full/!200,200/0/default.jpg","161, 145, 112"
1890,painting,"https://api.nga.gov/iiif/a65b56d8-7ae7-4a80-a84a-5a9dd7c13ea7/full/!200,200/0/default.jpg","120, 108, 94"
1861,painting,"https://api.nga.gov/iiif/2061b7ed-0e95-49ca-854c-cd9856858d20/full/!200,200/0/default.jpg","159, 131, 89"
1861,painting,"https://api.nga.gov/iiif/a0da4e37-575b-4d82-8642-7cdb55806723/full/!200,200/0/default.jpg","174, 140, 93"
1861,painting,"https://api.nga.gov/iiif/bbeecc0b-902f-4cf8-99a7-c204d32a6c64/full/!200,200/0/default.jpg","147, 119, 76"
1861,painting,"https://api.nga.gov/iiif/f81d9087-2dd9-4e8d-bac6-1fa0e983bbc8/full/!200,200/0/default.jpg","184, 163, 109"
1861,painting,"https://api.nga.gov/iiif/401e8975-a4c5-4351-956b-c3f49d1a684d/full/!200,200/0/default.jpg","136, 126, 92"
1861,painting,"https://api.nga.gov/iiif/061cc5a5-8586-434a-bdc0-bb65e584568f/full/!200,200/0/default.jpg","136, 114, 85"
1861,painting,"https://api.nga.gov/iiif/42df509f-4da2-4c79-9420-bb3a05ff6d31/full/!200,200/0/default.jpg","131, 113, 83"
1861,painting,"https://api.nga.gov/iiif/46e0b899-87c5-4848-a8cb-4523c3dbe97b/full/!200,200/0/default.jpg","150, 120, 87"
1861,painting,"https://api.nga.gov/iiif/084450ec-ad00-4c87-8509-66df3dce8cb2/full/!200,200/0/default.jpg","133, 120, 92"
1861,painting,"https://api.nga.gov/iiif/a3a119f2-5544-4329-9001-e81fef2a5b34/full/!200,200/0/default.jpg","160, 141, 107"
1861,painting,"https://api.nga.gov/iiif/3add67e6-636d-4bfa-b7e9-33e5a9c834f6/full/!200,200/0/default.jpg","148, 137, 113"
1861,painting,"https://api.nga.gov/iiif/42404406-6796-4738-a421-6cd5cc7bfde4/full/!200,200/0/default.jpg","154, 133, 102"
1861,painting,"https://api.nga.gov/iiif/ec1d8272-6c01-41ac-8768-e2712398f065/full/!200,200/0/default.jpg","152, 127, 89"
1854,painting,"https://api.nga.gov/iiif/73b07cb3-4967-465f-8810-774a095aa08a/full/!200,200/0/default.jpg","148, 138, 109"
1861,painting,"https://api.nga.gov/iiif/9516feae-fcd3-44ff-9e93-fc9fa39ad063/full/!200,200/0/default.jpg","148, 139, 108"
1876,painting,"https://api.nga.gov/iiif/b41b3b70-af77-439b-a980-4e1434070111/full/!200,200/0/default.jpg","158, 160, 128"
1861,painting,"https://api.nga.gov/iiif/c287ab96-1e07-4f0e-a607-2fd184c09148/full/!200,200/0/default.jpg","151, 133, 90"
1863,painting,"https://api.nga.gov/iiif/93abac1f-231d-4f75-ba62-483102ad71f4/full/!200,200/0/default.jpg","124, 129, 113"
1861,painting,"https://api.nga.gov/iiif/189dbf8b-cfe4-4c82-98e7-720167d0ea0a/full/!200,200/0/default.jpg","129, 119, 89"
1890,painting,"https://api.nga.gov/iiif/0c1e8841-54d8-4457-9454-72d7a6268251/full/!200,200/0/default.jpg","170, 154, 123"
1827,painting,"https://api.nga.gov/iiif/d90b641f-b6fe-4fc4-a520-69accf46513b/full/!200,200/0/default.jpg","160, 123, 69"
1890,painting,"https://api.nga.gov/iiif/bef8c58d-15ae-4649-b2ff-ae0ead24714e/full/!200,200/0/default.jpg","146, 183, 143"
1861,painting,"https://api.nga.gov/iiif/f6147ee0-6487-460d-8574-fd170d203a74/full/!200,200/0/default.jpg","141, 127, 90"
1861,painting,"https://api.nga.gov/iiif/d8d229e4-0046-41bc-8afb-2ce21d4f7e3c/full/!200,200/0/default.jpg","140, 109, 57"
1861,painting,"https://api.nga.gov/iiif/eac24e14-3daf-4618-93f1-21eed5bf428f/full/!200,200/0/default.jpg","141, 123, 94"
1861,painting,"https://api.nga.gov/iiif/6d768583-a206-418d-adeb-3d00a138e2f5/full/!200,200/0/default.jpg","137, 122, 87"
1865,painting,"https://api.nga.gov/iiif/0414be87-3a13-4782-aa33-31063797ce0b/full/!200,200/0/default.jpg","138, 121, 92"
1900,painting,"https://api.nga.gov/iiif/0acda9d3-8c2f-4698-8af4-52ff72d7ccfb/full/!200,200/0/default.jpg","130, 110, 81"
1861,painting,"https://api.nga.gov/iiif/d29a364c-53dc-4834-97c8-631b272351f6/full/!200,200/0/default.jpg","143, 127, 97"
1855,painting,"https://api.nga.gov/iiif/fd349852-a7fd-49fb-b29a-491c2079e336/full/!200,200/0/default.jpg","146, 129, 100"
1861,painting,"https://api.nga.gov/iiif/a774ed82-89cf-4173-a89b-b684dd40eecb/full/!200,200/0/default.jpg","143, 121, 83"
1854,painting,"https://api.nga.gov/iiif/8526254a-0293-4c1c-a397-0a26f13a9fe3/full/!200,200/0/default.jpg","138, 123, 88"
1861,painting,"https://api.nga.gov/iiif/a47fb09f-e5a8-4c53-a3c6-d961448516b8/full/!200,200/0/default.jpg","157, 132, 94"
1861,painting,"https://api.nga.gov/iiif/376bfff9-e255-478b-b05d-c4047ab07905/full/!200,200/0/default.jpg","132, 108, 80"
1861,painting,"https://api.nga.gov/iiif/0a9e2730-388a-43c6-8713-e61f766e2f92/full/!200,200/0/default.jpg","181, 154, 120"
1861,painting,"https://api.nga.gov/iiif/d7f45e79-4301-4461-899c-6144145f678b/full/!200,200/0/default.jpg","159, 120, 77"
1861,painting,"https://api.nga.gov/iiif/457c21c8-0b7e-490d-98ab-7b195da8ed2d/full/!200,200/0/default.jpg","166, 129, 93"
1861,painting,"https://api.nga.gov/iiif/30151967-18ae-40c7-bfc7-ef1f41713eb8/full/!200,200/0/default.jpg","156, 127, 83"
1854,painting,"https://api.nga.gov/iiif/45f6255e-ddd4-4ae6-a734-9fd9f8b53f05/full/!200,200/0/default.jpg","146, 122, 94"
1875,painting,"https://api.nga.gov/iiif/8531ee6c-2c7f-4b50-ac0b-e1e64d4e121d/full/!200,200/0/default.jpg","163, 137, 92"
1861,painting,"https://api.nga.gov/iiif/48f54fb5-c87b-404d-a3e1-faaabcbc618f/full/!200,200/0/default.jpg","188, 146, 103"
1855,painting,"https://api.nga.gov/iiif/cc24f1da-a5ca-4559-a769-6bf487bee2c9/full/!200,200/0/default.jpg","146, 122, 95"
1861,painting,"https://api.nga.gov/iiif/2061b7ed-0e95-49ca-854c-cd9856858d20/full/!200,200/0/default.jpg","159, 131, 89"
1861,painting,"https://api.nga.gov/iiif/56ec0b7a-f749-4178-8eb0-071c13e73d0f/full/!200,200/0/default.jpg","126, 114, 86"
1854,painting,"https://api.nga.gov/iiif/ac6d6e7d-34de-4b63-8305-a50c937d527f/full/!200,200/0/default.jpg","140, 122, 88"
1861,painting,"https://api.nga.gov/iiif/09b1ec9a-335b-42f2-a84b-fd938ddb1fa2/full/!200,200/0/default.jpg","125, 124, 90"
1520,painting,"https://api.nga.gov/iiif/2d0fd298-3e95-4b8c-ae3a-1ef2cb32a01b/full/!200,200/0/default.jpg","163, 154, 120"
1861,painting,"https://api.nga.gov/iiif/eac24e14-3daf-4618-93f1-21eed5bf428f/full/!200,200/0/default.jpg","141, 123, 94"
1827,painting,"https://api.nga.gov/iiif/d90b641f-b6fe-4fc4-a520-69accf46513b/full/!200,200/0/default.jpg","160, 123, 69"
1861,painting,"https://api.nga.gov/iiif/f1e5a21b-263b-432f-85ba-903f19496b6c/full/!200,200/0/default.jpg","167, 132, 84"
1874,painting,"https://api.nga.gov/iiif/9fdba581-b3f5-43c5-977a-f0d4c4835581/full/!200,200/0/default.jpg","132, 118, 57"
1861,painting,"https://api.nga.gov/iiif/3c0d78e8-bd6d-4eae-ae1b-9bc565fdacc8/full/!200,200/0/default.jpg","157, 131, 82"
1861,painting,"https://api.nga.gov/iiif/43c838ba-ca03-4280-b4a7-6035499eadf7/full/!200,200/0/default.jpg","156, 134, 105"
1800,painting,"https://api.nga.gov/iiif/98dd85ed-73a4-4251-9a3c-ff6bee9094a3/full/!200,200/0/default.jpg","124, 126, 75"
1861,painting,"https://api.nga.gov/iiif/eac24e14-3daf-4618-93f1-21eed5bf428f/full/!200,200/0/default.jpg","141, 123, 94"
1861,painting,"https://api.nga.gov/iiif/42404406-6796-4738-a421-6cd5cc7bfde4/full/!200,200/0/default.jpg","154, 133, 102"
1855,painting,"https://api.nga.gov/iiif/a22cc20b-5dac-46b3-a2de-1a51bccbe266/full/!200,200/0/default.jpg","140, 120, 92"
1855,painting,"https://api.nga.gov/iiif/46ba4127-22c3-4d9f-987e-1b11a172f5b3/full/!200,200/0/default.jpg","141, 122, 99"
1854,painting,"https://api.nga.gov/iiif/a331c341-4eb1-49f1-b8bb-d66fd5f182d9/full/!200,200/0/default.jpg","142, 126, 102"
1861,painting,"https://api.nga.gov/iiif/243146bd-0ba9-4805-b4c5-e3324182bd1f/full/!200,200/0/default.jpg","135, 122, 90"
1861,painting,"https://api.nga.gov/iiif/a9df2886-ab4d-4092-99c1-f09badf50f23/full/!200,200/0/default.jpg","161, 145, 112"
1861,painting,"https://api.nga.gov/iiif/43c838ba-ca03-4280-b4a7-6035499eadf7/full/!200,200/0/default.jpg","156, 134, 105"
1861,painting,"https://api.nga.gov/iiif/f81d9087-2dd9-4e8d-bac6-1fa0e983bbc8/full/!200,200/0/default.jpg","184, 163, 109"
1861,painting,"https://api.nga.gov/iiif/1481eff0-180d-4398-bbf4-edf7ad1d64dc/full/!200,200/0/default.jpg","150, 127, 98"
1854,painting,"https://api.nga.gov/iiif/5fd02c44-bd8e-49ab-b259-c4582f7ce697/full/!200,200/0/default.jpg","160, 141, 114"
1890,painting,"https://api.nga.gov/iiif/06c79e5b-bc00-4fd7-b0ef-98ea3d8fe988/full/!200,200/0/default.jpg","147, 136, 86"
1861,painting,"https://api.nga.gov/iiif/7f2ea406-e2bb-4b38-8d07-106fa275137a/full/!200,200/0/default.jpg","136, 123, 92"
1854,painting,"https://api.nga.gov/iiif/a4a13946-106a-481f-a984-fa5625eb73bd/full/!200,200/0/default.jpg","134, 117, 79"
1861,painting,"https://api.nga.gov/iiif/ce9bbbbe-adc3-4cde-94e1-7c74a61e95e5/full/!200,200/0/default.jpg","179, 141, 91"
1861,painting,"https://api.nga.gov/iiif/351e720e-3da7-447a-b90a-1746ee6418d1/full/!200,200/0/default.jpg","128, 109, 76"
1861,painting,"https://api.nga.gov/iiif/1be57a0b-62a8-4235-9fb0-600898cdf274/full/!200,200/0/default.jpg","150, 128, 93"
1854,painting,"https://api.nga.gov/iiif/4e195984-eab1-4eff-a064-58d30ca8fc64/full/!200,200/0/default.jpg","162, 142, 114"
1861,painting,"https://api.nga.gov/iiif/1481eff0-180d-4398-bbf4-edf7ad1d64dc/full/!200,200/0/default.jpg","150, 127, 98"
1861,painting,"https://api.nga.gov/iiif/189dbf8b-cfe4-4c82-98e7-720167d0ea0a/full/!200,200/0/default.jpg","129, 119, 89"
1861,painting,"https://api.nga.gov/iiif/b74235fc-7eb4-461c-a909-8273a545ac75/full/!200,200/0/default.jpg","144, 124, 94"
1861,painting,"https://api.nga.gov/iiif/becac2a4-bd31-4cb8-82d2-7f4b1c1ac05b/full/!200,200/0/default.jpg","156, 129, 91"
1861,painting,"https://api.nga.gov/iiif/2937014d-0a8a-4a3c-83e9-6c6f1a4263ee/full/!200,200/0/default.jpg","157, 150, 120"
1861,painting,"https://api.nga.gov/iiif/42404406-6796-4738-a421-6cd5cc7bfde4/full/!200,200/0/default.jpg","154, 133, 102"
1861,painting,"https://api.nga.gov/iiif/70641e6c-f2c4-4018-8dde-9ca3c903c025/full/!200,200/0/default.jpg","150, 132, 93"
1861,painting,"https://api.nga.gov/iiif/8d8d87d8-0571-45be-a4f6-566d19fe07c9/full/!200,200/0/default.jpg","152, 140, 100"
1861,painting,"https://api.nga.gov/iiif/42df509f-4da2-4c79-9420-bb3a05ff6d31/full/!200,200/0/default.jpg","131, 113, 83"
1861,painting,"https://api.nga.gov/iiif/ae4ebe90-eed0-47be-bbc3-c4d191ceaf2c/full/!200,200/0/default.jpg","144, 124, 91"
1495,painting,"https://api.nga.gov/iiif/af776d93-db3e-42ec-905b-5760dcc97bbc/full/!200,200/0/default.jpg","132, 112, 92"
1890,painting,"https://api.nga.gov/iiif/b5420e70-c513-436f-aff4-2369dc7350f5/full/!200,200/0/default.jpg","139, 105, 75"
1874,painting,"https://api.nga.gov/iiif/7372b15a-3830-43bf-8c41-4836619312b7/full/!200,200/0/default.jpg","122, 141, 133"
1861,painting,"https://api.nga.gov/iiif/3add67e6-636d-4bfa-b7e9-33e5a9c834f6/full/!200,200/0/default.jpg","148, 137, 113"
1490,painting,"https://api.nga.gov/iiif/6789558e-0527-4d41-97e5-245336b76e8f/full/!200,200/0/default.jpg","131, 100, 84"
1890,painting,"https://api.nga.gov/iiif/7a87f86c-c6c7-42e0-a433-28f944de30f1/full/!200,200/0/default.jpg","147, 157, 120"
1861,painting,"https://api.nga.gov/iiif/6f682203-5491-4471-a799-b6b2f32e4b2f/full/!200,200/0/default.jpg","180, 149, 101"
1861,painting,"https://api.nga.gov/iiif/60c158be-595a-4e41-bed5-2e6b0048ae26/full/!200,200/0/default.jpg","143, 125, 98"
1861,painting,"https://api.nga.gov/iiif/2937014d-0a8a-4a3c-83e9-6c6f1a4263ee/full/!200,200/0/default.jpg","157, 150, 120"
1861,painting,"https://api.nga.gov/iiif/ec0a9865-44a2-4560-b1b2-d86299be150c/full/!200,200/0/default.jpg","151, 134, 88"
1861,painting,"https://api.nga.gov/iiif/81e40269-c743-4ff3-bffe-0930c374bfce/full/!200,200/0/default.jpg","131, 168, 141"
1861,painting,"https://api.nga.gov/iiif/e532ae6d-708f-4e54-a259-6014efdbcea7/full/!200,200/0/default.jpg","132, 129, 95"
1861,painting,"https://api.nga.gov/iiif/3de53820-9a39-4c57-b8a7-d83a4f8158bb/full/!200,200/0/default.jpg","171, 161, 126"
1883,painting,"https://api.nga.gov/iiif/5281e790-4463-4ad6-b194-b76a1375317f/full/!200,200/0/default.jpg","131, 135, 93"
1854,painting,"https://api.nga.gov/iiif/75759cd7-2e0c-492c-a26c-eadd223144b9/full/!200,200/0/default.jpg","152, 131, 104"
1877,painting,"https://api.nga.gov/iiif/7577f78d-d44a-413b-b50c-ae30b5ebc882/full/!200,200/0/default.jpg","138, 118, 63"
1854,painting,"https://api.nga.gov/iiif/763baae6-c40c-40c1-b09e-627ee5084317/full/!200,200/0/default.jpg","155, 136, 108"
1861,painting,"https://api.nga.gov/iiif/e280b88d-ee73-45d8-82fb-21a6afb51053/full/!200,200/0/default.jpg","147, 125, 91"
1855,painting,"https://api.nga.gov/iiif/03b921f2-0b79-407d-b49e-8f3260aa77d5/full/!200,200/0/default.jpg","152, 133, 105"
1861,painting,"https://api.nga.gov/iiif/aa795815-e47a-472d-b593-2677bae93fa3/full/!200,200/0/default.jpg","150, 124, 87"
1855,painting,"https://api.nga.gov/iiif/881dcdd1-a759-42a7-b4ab-ebb3291a1ffc/full/!200,200/0/default.jpg","131, 121, 89"
1865,painting,"https://api.nga.gov/iiif/9e79b397-0bd5-4221-96e0-0c2d20470933/full/!200,200/0/default.jpg","139, 120, 101"
1460,painting,"https://api.nga.gov/iiif/2022a08c-1b2a-42e7-9987-1947f61a0c03/full/!200,200/0/default.jpg","146, 119, 90"
1854,painting,"https://api.nga.gov/iiif/75759cd7-2e0c-492c-a26c-eadd223144b9/full/!200,200/0/default.jpg","152, 131, 104"
1861,painting,"https://api.nga.gov/iiif/f1971440-0f98-4cda-a8f5-814f08e4213b/full/!200,200/0/default.jpg","146, 121, 87"
1854,painting,"https://api.nga.gov/iiif/bcce9bad-e5fb-4536-9d6f-10395771a01e/full/!200,200/0/default.jpg","144, 125, 90"
1873,painting,"https://api.nga.gov/iiif/4196f97b-1edb-4fae-aa9f-882afe35978b/full/!200,200/0/default.jpg","128, 136, 110"
1861,painting,"https://api.nga.gov/iiif/51314995-18ce-4b2c-aecf-fe7fa4c82133/full/!200,200/0/default.jpg","136, 117, 85"
1861,painting,"https://api.nga.gov/iiif/a774ed82-89cf-4173-a89b-b684dd40eecb/full/!200,200/0/default.jpg","143, 121, 83"
1861,painting,"https://api.nga.gov/iiif/d3dbb5b9-0b71-4b7d-8ad2-18fcfdf06757/full/!200,200/0/default.jpg","161, 138, 103"
1861,painting,"https://api.nga.gov/iiif/d29a364c-53dc-4834-97c8-631b272351f6/full/!200,200/0/default.jpg","143, 127, 97"
1861,painting,"https://api.nga.gov/iiif/0a9e2730-388a-43c6-8713-e61f766e2f92/full/!200,200/0/default.jpg","181, 154, 120"
1861,painting,"https://api.nga.gov/iiif/60707766-2bf0-4380-a186-bd2c74ea2b4d/full/!200,200/0/default.jpg","169, 137, 96"
1900,painting,"https://api.nga.gov/iiif/d20acee9-c24e-4d81-96c0-bb4d55efa42b/full/!200,200/0/default.jpg","147, 120, 67"
1861,painting,"https://api.nga.gov/iiif/c024a6b7-5465-4a83-9385-a309fcc53045/full/!200,200/0/default.jpg","166, 152, 121"
1861,painting,"https://api.nga.gov/iiif/0bdddddc-a323-44c0-a46c-61b6e910d35c/full/!200,200/0/default.jpg","137, 124, 90"
1645,painting,"https://api.nga.gov/iiif/6cbae31a-28c0-4c83-a195-121bf277ba20/full/!200,200/0/default.jpg","138, 124, 102"
1861,painting,"https://api.nga.gov/iiif/e61caf62-535b-4229-a391-c7be92231e07/full/!200,200/0/default.jpg","142, 119, 89"
1861,painting,"https://api.nga.gov/iiif/3149ff49-068e-4fef-b5c0-c30d0c65ee26/full/!200,200/0/default.jpg","171, 149, 110"
1861,painting,"https://api.nga.gov/iiif/ec0b5339-1e45-4085-b5e3-c50d10d21ad4/full/!200,200/0/default.jpg","130, 118, 87"
1861,painting,"https://api.nga.gov/iiif/b74235fc-7eb4-461c-a909-8273a545ac75/full/!200,200/0/default.jpg","144, 124, 94"
1861,painting,"https://api.nga.gov/iiif/f71749cd-e0b9-41ad-8ffd-5b71a42ab9a4/full/!200,200/0/default.jpg","153, 142, 97"
1861,painting,"https://api.nga.gov/iiif/ec0b5339-1e45-4085-b5e3-c50d10d21ad4/full/!200,200/0/default.jpg","130, 118, 87"
1861,painting,"https://api.nga.gov/iiif/243146bd-0ba9-4805-b4c5-e3324182bd1f/full/!200,200/0/default.jpg","135, 122, 90"
1846,painting,"https://api.nga.gov/iiif/f2c2ef49-269b-4527-98d9-a2a0c09b742e/full/!200,200/0/default.jpg","174, 147, 118"
1861,painting,"https://api.nga.gov/iiif/a47fb09f-e5a8-4c53-a3c6-d961448516b8/full/!200,200/0/default.jpg","157, 132, 94"
1861,painting,"https://api.nga.gov/iiif/d7f45e79-4301-4461-899c-6144145f678b/full/!200,200/0/default.jpg","159, 120, 77"
1861,painting,"https://api.nga.gov/iiif/56ec0b7a-f749-4178-8eb0-071c13e73d0f/full/!200,200/0/default.jpg","126, 114, 86"
1890,painting,"https://api.nga.gov/iiif/4e76c675-1b18-46f5-8ba0-b05457ffcdb2/full/!200,200/0/default.jpg","181, 163, 140"
1775,painting,"https://api.nga.gov/iiif/0b8c1e3b-c1d9-4e67-adac-49af47dc5643/full/!200,200/0/default.jpg","126, 136, 119"
1883,painting,"https://api.nga.gov/iiif/1f71e136-b73a-4b38-bc4f-b96d7c2b36fd/full/!200,200/0/default.jpg","124, 129, 98"
1854,painting,"https://api.nga.gov/iiif/e33b7c36-81c3-438a-ae75-5323bac13cd4/full/!200,200/0/default.jpg","152, 127, 95"
1861,painting,"https://api.nga.gov/iiif/c2fdd68d-5395-4944-9297-21fc0df22986/full/!200,200/0/default.jpg","140, 113, 80"
1855,painting,"https://api.nga.gov/iiif/db85aef3-8ea6-4abd-a58b-6f6c57c22411/full/!200,200/0/default.jpg","129, 111, 79"
1861,painting,"https://api.nga.gov/iiif/633ca099-eb0e-4651-a4e3-9b05fbdde60c/full/!200,200/0/default.jpg","133, 120, 86"
1861,painting,"https://api.nga.gov/iiif/ee7d4e8d-2321-43cf-b860-98f32bb331b7/full/!200,200/0/default.jpg","173, 140, 98"
1854,painting,"https://api.nga.gov/iiif/2c841323-5850-49b7-bb37-2e4297c5d9db/full/!200,200/0/default.jpg","156, 137, 108"
1861,painting,"https://api.nga.gov/iiif/1ea57c19-074e-46e1-98f6-c2784497040d/full/!200,200/0/default.jpg","165, 146, 95"
1890,painting,"https://api.nga.gov/iiif/17707775-8562-416f-a470-3761a4ba0414/full/!200,200/0/default.jpg","127, 146, 127"
1861,painting,"https://api.nga.gov/iiif/49807e69-03b9-4d9e-b168-022317dfa8cc/full/!200,200/0/default.jpg","160, 137, 107"
1854,painting,"https://api.nga.gov/iiif/fbfd7617-fd3a-40bd-aa98-545801e57dc4/full/!200,200/0/default.jpg","160, 144, 116"
1861,painting,"https://api.nga.gov/iiif/bde7e0a1-6ef1-4c60-bb79-11f1775ab792/full/!200,200/0/default.jpg","128, 104, 75"
1861,painting,"https://api.nga.gov/iiif/70a97377-fb8a-421b-bc5f-066bfd5f7450/full/!200,200/0/default.jpg","167, 133, 95"
1830,painting,"https://api.nga.gov/iiif/b1dde14c-70d2-4ad3-925e-fef33ec31ba5/full/!200,200/0/default.jpg","154, 129, 101"
1861,painting,"https://api.nga.gov/iiif/4483a49a-e043-46e7-9a3a-982050e121cc/full/!200,200/0/default.jpg","154, 133, 93"
1861,painting,"https://api.nga.gov/iiif/cc75d81f-86ea-4f91-a83a-6cc19326bca8/full/!200,200/0/default.jpg","144, 116, 82"
1872,painting,"https://api.nga.gov/iiif/73f10a5d-7d60-4d8f-916e-1ad76ef25421/full/!200,200/0/default.jpg","145, 159, 153"
1869,painting,"https://api.nga.gov/iiif/e36f10fe-8366-4753-a447-a9467fb4de32/full/!200,200/0/default.jpg","187, 162, 129"
1861,painting,"https://api.nga.gov/iiif/b39f3e67-7044-4964-98a3-0d0a1c107eee/full/!200,200/0/default.jpg","139, 134, 106"
1896,painting,"https://api.nga.gov/iiif/14223521-0253-4e09-8bee-1b16227bb53b/full/!200,200/0/default.jpg","119, 125, 105"
1861,painting,"https://api.nga.gov/iiif/9555b8f1-32a6-4dc6-945a-33a5833d4606/full/!200,200/0/default.jpg","180, 142, 92"
1861,painting,"https://api.nga.gov/iiif/60c158be-595a-4e41-bed5-2e6b0048ae26/full/!200,200/0/default.jpg","143, 125, 98"
1861,painting,"https://api.nga.gov/iiif/9555b8f1-32a6-4dc6-945a-33a5833d4606/full/!200,200/0/default.jpg","180, 142, 92"
1847,painting,"https://api.nga.gov/iiif/abc7daca-68f9-4c8b-b653-5925f2f1463c/full/!200,200/0/default.jpg","145, 129, 90"
1861,painting,"https://api.nga.gov/iiif/0a590881-f637-4337-ab55-6c0c2cf8eb98/full/!200,200/0/default.jpg","138, 130, 102"
1861,painting,"https://api.nga.gov/iiif/8b65b740-7dd2-4061-8df3-14ef425aa07b/full/!200,200/0/default.jpg","150, 128, 97"
1861,painting,"https://api.nga.gov/iiif/1be57a0b-62a8-4235-9fb0-600898cdf274/full/!200,200/0/default.jpg","150, 128, 93"
1861,painting,"https://api.nga.gov/iiif/8b65b740-7dd2-4061-8df3-14ef425aa07b/full/!200,200/0/default.jpg","150, 128, 97"
1854,painting,"https://api.nga.gov/iiif/208e9464-a275-42ba-97ab-2067cddd0199/full/!200,200/0/default.jpg","139, 131, 111"
1855,painting,"https://api.nga.gov/iiif/3334e85b-6001-4894-87fe-b3ebec3365a9/full/!200,200/0/default.jpg","153, 126, 94"
1850,painting,"https://api.nga.gov/iiif/0410a6f0-36dc-465d-bf8a-2a77fc3d07a5/full/!200,200/0/default.jpg","172, 162, 125"
1645,painting,"https://api.nga.gov/iiif/82c13da6-3e14-408a-ac04-7d4f2eebfc0c/full/!200,200/0/default.jpg","137, 123, 90"
1882,painting,"https://api.nga.gov/iiif/0531b959-f183-41ac-b321-e5a3f28c28f1/full/!200,200/0/default.jpg","135, 133, 107"
1861,painting,"https://api.nga.gov/iiif/2937014d-0a8a-4a3c-83e9-6c6f1a4263ee/full/!200,200/0/default.jpg","157, 150, 120"
1861,painting,"https://api.nga.gov/iiif/a3a119f2-5544-4329-9001-e81fef2a5b34/full/!200,200/0/default.jpg","160, 141, 107"
1855,painting,"https://api.nga.gov/iiif/934f0be6-1232-4efc-b4b2-b334eee42247/full/!200,200/0/default.jpg","147, 128, 95"
1854,painting,"https://api.nga.gov/iiif/adb17083-dc09-4c12-a94e-6fdb938ef9a6/full/!200,200/0/default.jpg","157, 136, 108"
1855,painting,"https://api.nga.gov/iiif/934f0be6-1232-4efc-b4b2-b334eee42247/full/!200,200/0/default.jpg","147, 128, 95"
1854,painting,"https://api.nga.gov/iiif/10dcd16f-7fc6-4ac4-a93c-f77be29b39ec/full/!200,200/0/default.jpg","137, 125, 102"
1855,painting,"https://api.nga.gov/iiif/e19bf560-c32b-40cd-b3b0-b0cd76d1dbaa/full/!200,200/0/default.jpg","147, 127, 87"
1880,painting,"https://api.nga.gov/iiif/5bfb4c45-feb8-4dbb-8b77-519c0560dcaf/full/!200,200/0/default.jpg","122, 119, 79"
1861,painting,"https://api.nga.gov/iiif/ee7d4e8d-2321-43cf-b860-98f32bb331b7/full/!200,200/0/default.jpg","173, 140, 98"
1861,painting,"https://api.nga.gov/iiif/42df509f-4da2-4c79-9420-bb3a05ff6d31/full/!200,200/0/default.jpg","131, 113, 83"
1861,painting,"https://api.nga.gov/iiif/c287ab96-1e07-4f0e-a607-2fd184c09148/full/!200,200/0/default.jpg","151, 133, 90"
1855,painting,"https://api.nga.gov/iiif/2ad824ec-d2b5-4653-b192-74f4c360b770/full/!200,200/0/default.jpg","134, 118, 93"
1855,painting,"https://api.nga.gov/iiif/3334e85b-6001-4894-87fe-b3ebec3365a9/full/!200,200/0/default.jpg","153, 126, 94"
1861,painting,"https://api.nga.gov/iiif/71225985-de9d-400c-819b-83f60528a109/full/!200,200/0/default.jpg","150, 131, 95"
1861,painting,"https://api.nga.gov/iiif/78d57e7c-40ed-4842-9912-fc5228e91e83/full/!200,200/0/default.jpg","148, 131, 101"
1861,painting,"https://api.nga.gov/iiif/5b81b623-79e2-45f1-a07d-26b3d9d04e64/full/!200,200/0/default.jpg","168, 143, 103"
1850,painting,"https://api.nga.gov/iiif/299ecef4-0bdb-4cab-a8f9-e4663364620a/full/!200,200/0/default.jpg","133, 146, 120"
1861,painting,"https://api.nga.gov/iiif/ada2b344-d253-465b-a12a-03f30f70588d/full/!200,200/0/default.jpg","122, 122, 95"
1861,painting,"https://api.nga.gov/iiif/b74235fc-7eb4-461c-a909-8273a545ac75/full/!200,200/0/default.jpg","144, 124, 94"
1861,painting,"https://api.nga.gov/iiif/1bc7b8e3-2829-4c5a-8679-cddf5d7bff19/full/!200,200/0/default.jpg","162, 131, 103"
1861,painting,"https://api.nga.gov/iiif/95cea25c-e880-4054-bc81-15ea37a5eb8a/full/!200,200/0/default.jpg","152, 144, 110"
1865,painting,"https://api.nga.gov/iiif/0414be87-3a13-4782-aa33-31063797ce0b/full/!200,200/0/default.jpg","138, 121, 92"
1861,painting,"https://api.nga.gov/iiif/68734012-935b-4be9-9ece-69dcb4561583/full/!200,200/0/default.jpg","133, 117, 87"
1861,painting,"https://api.nga.gov/iiif/0e58d57f-3e3e-42b4-908d-910f9e447ed1/full/!200,200/0/default.jpg","159, 124, 88"
1861,painting,"https://api.nga.gov/iiif/272302bb-a6f9-4b83-8a27-7f224608fabd/full/!200,200/0/default.jpg","173, 131, 70"
1861,painting,"https://api.nga.gov/iiif/0ee4ce32-e06d-463a-9c37-a1390168525e/full/!200,200/0/default.jpg","125, 121, 101"
1861,painting,"https://api.nga.gov/iiif/f2dd10fc-29cc-4949-bbcb-51f01a571e0f/full/!200,200/0/default.jpg","168, 145, 104"
1861,painting,"https://api.nga.gov/iiif/228534d1-b730-4eba-be7f-9ccdb371030b/full/!200,200/0/default.jpg","142, 125, 90"
1861,painting,"https://api.nga.gov/iiif/d29a364c-53dc-4834-97c8-631b272351f6/full/!200,200/0/default.jpg","143, 127, 97"
1861,painting,"https://api.nga.gov/iiif/59a6d410-ee64-4724-94a5-0aaddf8802d0/full/!200,200/0/default.jpg","152, 126, 95"
1861,painting,"https://api.nga.gov/iiif/ff94144a-c675-48e2-8447-2eede974a7fd/full/!200,200/0/default.jpg","156, 136, 105"
1861,painting,"https://api.nga.gov/iiif/1481eff0-180d-4398-bbf4-edf7ad1d64dc/full/!200,200/0/default.jpg","150, 127, 98"
1854,painting,"https://api.nga.gov/iiif/e33b7c36-81c3-438a-ae75-5323bac13cd4/full/!200,200/0/default.jpg","152, 127, 95"
1861,painting,"https://api.nga.gov/iiif/ec0a9865-44a2-4560-b1b2-d86299be150c/full/!200,200/0/default.jpg","151, 134, 88"
1900,painting,"https://api.nga.gov/iiif/ed2aa02e-6875-48dc-bcc9-d31f2a1e496f/full/!200,200/0/default.jpg","168, 173, 156"
1855,painting,"https://api.nga.gov/iiif/552998e5-d58a-4511-b5aa-216fbf831640/full/!200,200/0/default.jpg","150, 131, 101"
1861,painting,"https://api.nga.gov/iiif/14ab81bb-072d-405f-a397-7b7a850d67c9/full/!200,200/0/default.jpg","140, 120, 84"
1861,painting,"https://api.nga.gov/iiif/42df509f-4da2-4c79-9420-bb3a05ff6d31/full/!200,200/0/default.jpg","131, 113, 83"
1861,painting,"https://api.nga.gov/iiif/9516feae-fcd3-44ff-9e93-fc9fa39ad063/full/!200,200/0/default.jpg","148, 139, 108"
1861,painting,"https://api.nga.gov/iiif/22d3381d-2bd2-4998-a7f8-eaaffe13323e/full/!200,200/0/default.jpg","140, 121, 91"
1854,painting,"https://api.nga.gov/iiif/8526254a-0293-4c1c-a397-0a26f13a9fe3/full/!200,200/0/default.jpg","138, 123, 88"
1508,painting,"https://api.nga.gov/iiif/26e7635a-ab02-464d-b998-6fc2e508e389/full/!200,200/0/default.jpg","137, 127, 106"
1861,painting,"https://api.nga.gov/iiif/aa795815-e47a-472d-b593-2677bae93fa3/full/!200,200/0/default.jpg","150, 124, 87"
1872,painting,"https://api.nga.gov/iiif/c6780a7f-2720-433c-9562-552c996c6d04/full/!200,200/0/default.jpg","155, 156, 134"
1861,painting,"https://api.nga.gov/iiif/49807e69-03b9-4d9e-b168-022317dfa8cc/full/!200,200/0/default.jpg","160, 137, 107"
1861,painting,"https://api.nga.gov/iiif/34aa0a0e-6f59-4804-a3a0-881346daaac2/full/!200,200/0/default.jpg","140, 122, 92"
1520,painting,"https://api.nga.gov/iiif/8643c5d9-6532-4e84-aab8-e9952465a8a8/full/!200,200/0/default.jpg","152, 134, 102"
1861,painting,"https://api.nga.gov/iiif/ec0b5339-1e45-4085-b5e3-c50d10d21ad4/full/!200,200/0/default.jpg","130, 118, 87"
1861,painting,"https://api.nga.gov/iiif/d29a364c-53dc-4834-97c8-631b272351f6/full/!200,200/0/default.jpg","143, 127, 97"
1888,painting,"https://api.nga.gov/iiif/4f91b1af-670f-4056-bede-cd5a86a9e141/full/!200,200/0/default.jpg","129, 101, 55"
1825,painting,"https://api.nga.gov/iiif/8357df03-8ea9-47ca-921e-8fd730a4f1c5/full/!200,200/0/default.jpg","154, 144, 105"
1830,painting,"https://api.nga.gov/iiif/b1dde14c-70d2-4ad3-925e-fef33ec31ba5/full/!200,200/0/default.jpg","154, 129, 101"
1861,painting,"https://api.nga.gov/iiif/a0da4e37-575b-4d82-8642-7cdb55806723/full/!200,200/0/default.jpg","174, 140, 93"
1861,painting,"https://api.nga.gov/iiif/d3dbb5b9-0b71-4b7d-8ad2-18fcfdf06757/full/!200,200/0/default.jpg","161, 138, 103"
